{
  "project_info": {
    "project_number": "950469172837",
    "firebase_url": "https://ustudy-f7f03.firebaseio.com",
    "project_id": "ustudy-f7f03",
    "storage_bucket": "ustudy-f7f03.appspot.com"
  },
  "client": [
    {
      "client_info": {
        "mobilesdk_app_id": "1:950469172837:android:2423fcdd2ba3f1f2",
        "android_client_info": {
          "package_name": "com.hirsch.gonzalo.ustudy"
        }
      },
      "oauth_client": [
        {
          "client_id": "950469172837-4megqp2t2ud86dkkgnec3h85ktd5vda0.apps.googleusercontent.com",
          "client_type": 1,
          "android_info": {
            "package_name": "com.hirsch.gonzalo.ustudy",
            "certificate_hash": "f650a272abdacb21c67957543cc420828b3d989c"
          }
        },
        {
          "client_id": "950469172837-0jj6mpp5c4fk6k0nu3l9mpbfif5t10dg.apps.googleusercontent.com",
          "client_type": 3
        }
      ],
      "api_key": [
        {
          "current_key": "AIzaSyCvnJSKo1TufS8nZdznq_rshN9g8fyMpsE"
        }
      ],
      "services": {
        "analytics_service": {
          "status": 1
        },
        "appinvite_service": {
          "status": 2,
          "other_platform_oauth_client": [
            {
              "client_id": "950469172837-0jj6mpp5c4fk6k0nu3l9mpbfif5t10dg.apps.googleusercontent.com",
              "client_type": 3
            }
          ]
        },
        "ads_service": {
          "status": 2
        }
      }
    }
  ],
  "configuration_version": "1"
}